Company, Location, Position, Link
SocialHub,Anywhere in the World,Backend Javascript / Node.js Developer - Remote/SaaS (m/f/d), https://weworkremotely.com/remote-jobs/socialhub-backend-javascript-node-js-developer-remote-saas-m-f-d-2
DebugBear,Europe Only,Senior Full Stack JavaScript Developer, https://weworkremotely.com/remote-jobs/debugbear-senior-full-stack-javascript-developer-1
RemoteMore,Anywhere in the World,JavaScript Developer (React or Vue or Angular with Node.js), https://weworkremotely.com/remote-jobs/remotemore-javascript-developer-react-or-vue-or-angular-with-node-js-2
Doximity,North America Only,Senior Javascript / Vue.js Expert, https://weworkremotely.com/remote-jobs/doximity-senior-javascript-vue-js-expert
SocialHub,Anywhere in the World,Backend Javascript / Node.js Developer - Remote/SaaS (m/f/d), https://weworkremotely.com/remote-jobs/socialhub-backend-javascript-node-js-developer-remote-saas-m-f-d-2
DebugBear,Europe Only,Senior Full Stack JavaScript Developer, https://weworkremotely.com/remote-jobs/debugbear-senior-full-stack-javascript-developer-1
RemoteMore,Anywhere in the World,JavaScript Developer (React or Vue or Angular with Node.js), https://weworkremotely.com/remote-jobs/remotemore-javascript-developer-react-or-vue-or-angular-with-node-js-2
Doximity,North America Only,Senior Javascript / Vue.js Expert, https://weworkremotely.com/remote-jobs/doximity-senior-javascript-vue-js-expert
Stellar,Worldwide,Senior Software Engineer, https://remoteok.com/remote-jobs/remote-senior-software-engineer-stellar-198326
Stellar,Worldwide,Senior Software Engineer, https://remoteok.com/remote-jobs/remote-senior-software-engineer-stellar-198328
Braintrust,Global,Software Engineer Search Matching Team Freelance, https://remoteok.com/remote-jobs/remote-software-engineer-search-matching-team-freelance-braintrust-195261
Braintrust,Global,Tech Lead Java Engineer Freelance, https://remoteok.com/remote-jobs/remote-tech-lead-java-engineer-freelance-braintrust-195254
Braintrust,Global,Java Engineer Freelance, https://remoteok.com/remote-jobs/remote-java-engineer-freelance-braintrust-193224
Proxify,üåè Worldwide,Senior QA Engineer Long Term, https://remoteok.com/remote-jobs/remote-senior-qa-engineer-long-term-proxify-116378
Illuvium,Worldwide,Senior Blockchain Developer, https://remoteok.com/remote-jobs/remote-senior-blockchain-developer-illuvium-191217
Braintrust,Global,Tech Lead Java Engineer Freelance, https://remoteok.com/remote-jobs/remote-tech-lead-java-engineer-freelance-braintrust-189713
Swirlds Labs,Worldwide,Senior Software Engineer Smart Contracts, https://remoteok.com/remote-jobs/remote-senior-software-engineer-smart-contracts-swirlds-labs-189714
Braintrust,Global,KBX Sr Software Engineer Direct Hire, https://remoteok.com/remote-jobs/remote-kbx-sr-software-engineer-direct-hire-braintrust-189211
Braintrust,Global,Full Stack Engineer Freelance, https://remoteok.com/remote-jobs/remote-full-stack-engineer-freelance-braintrust-188708
Binance,üáªüá≥ Vietnam,Java Engineer Financial Product, https://remoteok.com/remote-jobs/remote-java-engineer-financial-product-binance-188218
Copper,üá¨üáß United Kingdom,Software Engineering Team Lead, https://remoteok.com/remote-jobs/remote-software-engineering-team-lead-copper-181242
Didomi,üá´üá∑ France,Technical Support Engineer, https://remoteok.com/remote-jobs/remote-technical-support-engineer-didomi-179310
Orderly,Worldwide,Software Engineer Java, https://remoteok.com/remote-jobs/remote-software-engineer-java-orderly-179279
Braintrust,Global,Java Engineer, https://remoteok.com/remote-jobs/remote-java-engineer-braintrust-176277
Latoken,Remote Worldwide,Backend Developer, https://remoteok.com/remote-jobs/remote-backend-developer-latoken-173316
Braintrust,Global,Senior Back End Java Engineer, https://remoteok.com/remote-jobs/remote-senior-back-end-java-engineer-braintrust-172810
BitcoinCom,Worldwide,Backend Engineer TradFi, https://remoteok.com/remote-jobs/remote-backend-engineer-tradfi-bitcoincom-172321
aXedras,Worldwide,Backend Engineer, https://remoteok.com/remote-jobs/remote-backend-engineer-axedras-170338
