Position, Company, Location, URL
Sticker Mule,ğŸŒ Worldwide,Software engineer
Sticker Mule,ğŸŒ Worldwide,Software Engineer Backend
Proxify,ğŸŒ Worldwide,Senior Front end Developer Long Term
White Sand,ğŸŒ Worldwide,Software Developer
Status SNT,Remote (Worldwide),Web Developer
CoW Protocol,Worldwide,Integration Engineer
Parity Technologies,Worldwide,TypeScript Toolkit Engineer Apps Framework
Status SNT,Remote (Worldwide),Software Engineer
Braintrust,Global,Senior Software Engineer
Stellar,Worldwide,Senior Software Engineer
Binance,ğŸ‡¸ğŸ‡¬ Singapore,Golang Developer Wallet Platform
Epsilamic Solutions,ğŸŒ Worldwide,Associate Full Stack Developer
Cake DeFi,Worldwide,Software Engineer
Kontist,ğŸ‡ªğŸ‡º Europe,Engineering Manager
Braintrust,Global,DTN Senior Software Engineer Direct Hire
WalletConnect,Worldwide,JS Frontend Engineer
DebugBear,ğŸ‡ªğŸ‡º Europe,Senior Full Stack JavaScript Developer
QuickNode,Worldwide,API Engineer
Doughnut,ğŸŒ Worldwide,Freelance Software Developer
Latoken,Remote Worldwide,Fullstack Developer
